broadway-the-golden-age-by-the-legends-who-were-there,0.0607927
anchorman-2-the-legend-continues,0.0607927
age-of-uprising-the-legend-of-michael-kohlhaas,0.0607927
pele-birth-of-a-legend,0.0607927
anchorman-the-legend-of-ron-burgundy,0.0607927
legend-of-the-guardians-the-owls-of-gahoole,0.0607927
i-am-legend,0.0607927
legends-of-the-fall,0.0607927
urban-legend,0.0607927
the-legend-of-bagger-vance,0.0607927
the-legend-of-hercules,0.0607927
porn-star-the-legend-of-ron-jeremy,0.0607927
supermensch-the-legend-of-shep-gordon,0.0607927
legend,0.0607927
urban-legends-final-cut,0.0607927
king-arthur-legend-of-the-sword,0.0607927
street-fighter-the-legend-of-chun-li,0.0607927
the-legend-of-drunken-master,0.0607927
francis-ford-coppola-presents-the-legend-of-suriyothai,0.0607927
city-slickers-ii-the-legend-of-curlys-gold,0.0607927
legends-of-oz-dorothys-return,0.0607927
streets-of-legend,0.0607927
sinbad-legend-of-the-seven-seas,0.0607927
the-legend-of-tarzan,0.0607927
the-legend-of-zorro,0.0607927
